statement_idx,uniform_basic_recall,uniform_basic_precision,uniform_basic_f1,uniform_raw_recall,uniform_raw_precision,uniform_raw_f1,uniform_ceiling,legacy_basic_recall,legacy_basic_precision,legacy_basic_f1,legacy_raw_recall,legacy_raw_precision,legacy_raw_f1,legacy_ceiling,uniform_minus_legacy_basic_recall,uniform_minus_legacy_raw_recall
7,0.7058823529411765,0.8571428571428571,0.7741935483870968,0.7058823529411765,0.8571428571428571,0.7741935483870968,1,0.7058823529411765,0.8,0.7500000000000001,0.7058823529411765,0.8,0.7500000000000001,1,0.0,0.0
15,0.7619047619047619,1.0,0.8648648648648648,0.7619047619047619,1.0,0.8648648648648648,1,0.7142857142857143,1.0,0.8333333333333333,0.7142857142857143,1.0,0.8333333333333333,0,0.04761904761904756,0.04761904761904756
36,0.7058823529411765,1.0,0.8275862068965517,0.7058823529411765,1.0,0.8275862068965517,0,0.7058823529411765,0.9230769230769231,0.8000000000000002,0.7058823529411765,0.9230769230769231,0.8000000000000002,0,0.0,0.0
43,0.7058823529411765,0.8571428571428571,0.7741935483870968,0.0,0.0,0.0,1,0.7647058823529411,1.0,0.8666666666666666,0.7647058823529411,1.0,0.8666666666666666,0,-0.05882352941176461,-0.7647058823529411
64,0.35294117647058826,0.8571428571428571,0.5,0.35294117647058826,0.8571428571428571,0.5,1,0.4117647058823529,0.7777777777777778,0.5384615384615384,0.4117647058823529,0.7777777777777778,0.5384615384615384,1,-0.05882352941176466,-0.05882352941176466
66,0.2727272727272727,1.0,0.42857142857142855,0.2727272727272727,1.0,0.42857142857142855,1,0.7272727272727273,0.8,0.761904761904762,0.7272727272727273,0.8,0.761904761904762,0,-0.4545454545454546,-0.4545454545454546
71,0.0,0.0,0.0,0.0,0.0,0.0,0,0.0,0.0,0.0,0.0,0.0,0.0,0,0.0,0.0
75,0.8888888888888888,1.0,0.9411764705882353,0.8888888888888888,1.0,0.9411764705882353,0,0.8333333333333334,1.0,0.9090909090909091,0.8333333333333334,1.0,0.9090909090909091,0,0.05555555555555547,0.05555555555555547
95,0.6551724137931034,0.9047619047619048,0.7599999999999999,0.6551724137931034,0.9047619047619048,0.7599999999999999,1,0.41379310344827586,0.9230769230769231,0.5714285714285715,0.41379310344827586,0.9230769230769231,0.5714285714285715,1,0.24137931034482757,0.24137931034482757
109,0.47619047619047616,0.9090909090909091,0.6249999999999999,0.47619047619047616,0.9090909090909091,0.6249999999999999,1,0.8095238095238095,0.53125,0.6415094339622642,0.7142857142857143,0.46875,0.5660377358490566,0,-0.33333333333333337,-0.23809523809523814
115,0.375,0.9,0.5294117647058825,0.375,0.9,0.5294117647058825,1,0.4166666666666667,0.9090909090909091,0.5714285714285715,0.4166666666666667,0.9090909090909091,0.5714285714285715,1,-0.041666666666666685,-0.041666666666666685
118,0.6785714285714286,0.9047619047619048,0.7755102040816326,0.6785714285714286,0.9047619047619048,0.7755102040816326,1,0.6428571428571429,0.9473684210526315,0.7659574468085106,0.6428571428571429,0.9473684210526315,0.7659574468085106,1,0.0357142857142857,0.0357142857142857
119,0.6875,1.0,0.8148148148148148,0.6875,1.0,0.8148148148148148,0,0.65625,1.0,0.7924528301886793,0.65625,1.0,0.7924528301886793,1,0.03125,0.03125
131,0.043478260869565216,0.5,0.08,0.0,0.0,0.0,1,0.5217391304347826,1.0,0.6857142857142856,0.0,0.0,0.0,1,-0.4782608695652174,0.0
132,0.7222222222222222,1.0,0.8387096774193548,0.7222222222222222,1.0,0.8387096774193548,0,0.7777777777777778,1.0,0.8750000000000001,0.7777777777777778,1.0,0.8750000000000001,0,-0.05555555555555558,-0.05555555555555558
134,0.5294117647058824,1.0,0.6923076923076924,0.5294117647058824,1.0,0.6923076923076924,1,0.7058823529411765,0.9230769230769231,0.8000000000000002,0.0,0.0,0.0,0,-0.17647058823529416,0.5294117647058824
141,0.9333333333333333,1.0,0.9655172413793104,0.9333333333333333,1.0,0.9655172413793104,0,0.9333333333333333,1.0,0.9655172413793104,0.9333333333333333,1.0,0.9655172413793104,0,0.0,0.0
148,0.625,0.6666666666666666,0.6451612903225806,0.625,0.6666666666666666,0.6451612903225806,1,0.6875,0.7333333333333333,0.7096774193548386,0.6875,0.7333333333333333,0.7096774193548386,1,-0.0625,-0.0625
150,0.26666666666666666,1.0,0.4210526315789474,0.26666666666666666,1.0,0.4210526315789474,1,0.4,0.8571428571428571,0.5454545454545455,0.4,0.8571428571428571,0.5454545454545455,1,-0.13333333333333336,-0.13333333333333336
182,0.27586206896551724,1.0,0.4324324324324324,0.27586206896551724,1.0,0.4324324324324324,1,0.3103448275862069,0.9,0.4615384615384615,0.3103448275862069,0.9,0.4615384615384615,1,-0.03448275862068967,-0.03448275862068967
